{
  "schema_version": "1.0.0",
  "artifact_id": "cgse-policy-bench-candidate-v1",
  "command": "./target/release/cgse_policy_bench --iterations 2500000",
  "runs": 7,
  "warmup": 2,
  "times_ms": [
    829.3616720475256,
    867.1012200647965,
    909.2868790030479,
    842.8327229339629,
    874.3934269296005,
    833.052959991619,
    831.5166149986908
  ],
  "max_rss_kb": [
    1084,
    2116,
    1084,
    2144,
    1084,
    2132,
    2108
  ],
  "latency_ms": {
    "samples": 7,
    "mean": 855.3636422813205,
    "p50": 842.8327229339629,
    "p95": 898.8188433810137,
    "p99": 907.1932718786411,
    "min": 829.3616720475256,
    "max": 909.2868790030479
  },
  "memory_kb": {
    "samples": 7,
    "mean": 1678.857142857143,
    "p50": 2108,
    "p95": 2140.4,
    "p99": 2143.28,
    "min": 1084,
    "max": 2144
  }
}
