{
  "schema_version": "1.0.0",
  "artifact_id": "cgse-policy-bench-baseline-v1",
  "command": "./target/release/cgse_policy_bench --iterations 2500000",
  "runs": 7,
  "warmup": 2,
  "times_ms": [
    1228.6635319469497,
    1164.0181500697508,
    1208.261028979905,
    1152.8064280282706,
    1184.2340329894796,
    1153.3895489992574,
    1117.0292509486899
  ],
  "max_rss_kb": [
    1080,
    1084,
    1028,
    1076,
    1076,
    1084,
    1084
  ],
  "latency_ms": {
    "samples": 7,
    "mean": 1172.6288531374719,
    "p50": 1164.0181500697508,
    "p95": 1222.5427810568362,
    "p99": 1227.439381768927,
    "min": 1117.0292509486899,
    "max": 1228.6635319469497
  },
  "memory_kb": {
    "samples": 7,
    "mean": 1073.142857142857,
    "p50": 1080,
    "p95": 1084.0,
    "p99": 1084.0,
    "min": 1028,
    "max": 1084
  }
}
