{
  "command": "CARGO_TARGET_DIR=target-codex cargo run -q -p fnx-algorithms --example bfs_baseline",
  "runs": 7,
  "times_ms": [
    248.60976650000003,
    249.5666375,
    246.9558595,
    237.52961150000002,
    249.37073050000004,
    246.48017950000002,
    245.73206850000003
  ],
  "mean_ms": 246.3206933571429,
  "p50_ms": 246.9558595,
  "p95_ms": 249.50786540000001,
  "p99_ms": 249.55488308000002,
  "min_ms": 237.52961150000002,
  "max_ms": 249.5666375,
  "budgets": {
    "p95_budget_ms": 500.0,
    "p95_pass": true,
    "p99_budget_ms": 700.0,
    "p99_pass": true
  }
}
